record_id,timestamp,process_id,tool_nominal_capacity,wip_queue_size,tool_utilization_pct,downstream_queue_size,wafer_quantity,lot_priority_num,remaining_stages,nominal_cycle_time_hr,chamber_health,has_active_disruption,actual_delay_hours
HIST-00001,2026-05-28 23:00:00,PRC-04,35,20,57.6,52,100,4,7,5.5,91,0,6.1
HIST-00002,2026-04-11 16:00:00,PRC-06,35,50,144.2,78,125,2,5,7.0,84,0,41.43
HIST-00003,2026-01-03 03:00:00,PRC-08,35,26,73.0,60,25,1,3,4.0,96,0,13.79
HIST-00004,2026-04-03 17:00:00,PRC-07,35,56,159.7,61,100,2,4,5.0,90,1,60.43
HIST-00005,2026-05-23 11:00:00,PRC-05,30,29,95.2,72,125,2,6,4.5,72,0,15.41
HIST-00006,2026-05-02 16:00:00,PRC-03,35,43,123.3,66,125,1,8,8.0,67,0,39.83
HIST-00007,2026-03-28 16:00:00,PRC-08,35,43,123.8,80,50,2,3,4.0,85,0,29.33
HIST-00008,2026-09-08 13:00:00,PRC-09,50,54,108.7,87,75,2,2,3.0,66,0,32.15
HIST-00009,2026-07-04 01:00:00,PRC-10,40,59,148.6,95,25,3,1,6.5,81,0,45.72
HIST-00010,2026-01-09 18:00:00,PRC-10,45,30,67.2,95,150,3,1,6.5,89,0,13.07
HIST-00011,2026-07-08 23:00:00,PRC-02,35,17,47.5,55,100,2,9,6.0,78,0,14.82
HIST-00012,2026-02-14 14:00:00,PRC-01,60,38,63.0,41,125,2,10,3.5,95,0,11.61
HIST-00013,2026-07-17 09:00:00,PRC-09,40,46,116.0,48,125,2,2,3.0,80,0,29.68
HIST-00014,2026-05-20 12:00:00,PRC-04,60,82,136.6,55,100,2,7,5.5,82,0,41.94
HIST-00015,2026-02-21 17:00:00,PRC-07,70,63,89.9,33,75,1,4,5.0,70,0,26.77
HIST-00016,2026-05-16 07:00:00,PRC-05,50,68,135.5,32,25,3,6,4.5,80,0,37.19
HIST-00017,2026-08-28 15:00:00,PRC-04,30,17,58.0,57,150,2,7,5.5,73,1,30.97
HIST-00018,2026-05-27 07:00:00,PRC-08,60,43,70.9,51,75,2,3,4.0,68,0,21.12
HIST-00019,2026-02-17 23:00:00,PRC-09,60,83,139.0,19,50,2,2,3.0,76,0,44.48
HIST-00020,2026-05-20 16:00:00,PRC-05,30,14,46.2,87,125,1,6,4.5,86,0,11.64
HIST-00021,2026-01-04 23:00:00,PRC-08,35,54,155.6,74,75,2,3,4.0,72,0,47.99
HIST-00022,2026-01-23 12:00:00,PRC-06,70,58,83.4,39,50,3,5,7.0,90,0,14.22
HIST-00023,2026-03-19 18:00:00,PRC-02,35,60,172.6,76,75,4,9,6.0,65,0,56.92
HIST-00024,2026-06-25 16:00:00,PRC-10,30,24,79.0,61,150,2,1,6.5,72,0,11.92
HIST-00025,2026-04-06 13:00:00,PRC-05,60,36,60.3,52,75,3,6,4.5,79,0,8.84
HIST-00026,2026-04-03 02:00:00,PRC-09,45,65,143.5,42,50,3,2,3.0,70,0,43.87
HIST-00027,2026-02-22 22:00:00,PRC-10,30,16,53.0,85,125,2,1,6.5,99,0,11.59
HIST-00028,2026-05-25 01:00:00,PRC-10,45,26,56.8,80,100,3,1,6.5,94,0,12.37
HIST-00029,2026-03-30 22:00:00,PRC-09,45,60,132.5,54,150,1,2,3.0,81,0,37.85
HIST-00030,2026-06-14 23:00:00,PRC-02,50,87,174.2,23,100,1,9,6.0,91,0,58.03
HIST-00031,2026-06-17 11:00:00,PRC-07,40,70,174.1,63,100,4,4,5.0,89,0,50.5
HIST-00032,2026-09-08 09:00:00,PRC-02,35,61,174.1,65,125,1,9,6.0,79,0,56.2
HIST-00033,2026-07-05 03:00:00,PRC-08,60,83,138.5,69,125,2,3,4.0,79,0,46.91
HIST-00034,2026-06-03 21:00:00,PRC-01,70,92,130.8,93,25,2,10,3.5,69,1,65.91
HIST-00035,2026-03-01 23:00:00,PRC-01,35,49,141.3,66,100,2,10,3.5,78,0,42.87
HIST-00036,2026-04-16 09:00:00,PRC-10,40,48,120.1,56,50,2,1,6.5,74,0,34.66
HIST-00037,2026-04-08 16:00:00,PRC-05,30,35,117.4,90,150,4,6,4.5,92,0,19.86
HIST-00038,2026-03-18 22:00:00,PRC-06,60,59,99.1,34,75,2,5,7.0,99,0,20.54
HIST-00039,2026-06-15 02:00:00,PRC-03,70,74,105.2,22,125,2,8,8.0,91,0,23.4
HIST-00040,2026-06-04 01:00:00,PRC-08,70,65,93.2,83,150,3,3,4.0,68,0,30.92
HIST-00041,2026-01-04 06:00:00,PRC-02,35,52,149.6,90,150,3,9,6.0,78,0,41.99
HIST-00042,2026-03-24 09:00:00,PRC-04,60,36,60.3,76,50,3,7,5.5,78,0,21.17
HIST-00043,2026-07-14 10:00:00,PRC-07,45,51,114.4,60,75,2,4,5.0,97,0,26.27
HIST-00044,2026-05-30 18:00:00,PRC-04,40,34,85.7,20,125,4,7,5.5,74,1,22.19
HIST-00045,2026-07-30 15:00:00,PRC-07,40,26,64.8,57,50,2,4,5.0,80,0,13.12
HIST-00046,2026-05-19 20:00:00,PRC-08,45,30,66.9,60,50,1,3,4.0,99,0,14.33
HIST-00047,2026-01-03 06:00:00,PRC-01,50,25,49.4,24,150,1,10,3.5,65,0,17.21
HIST-00048,2026-05-17 17:00:00,PRC-09,45,42,93.5,94,150,3,2,3.0,95,0,21.44
HIST-00049,2026-02-15 03:00:00,PRC-07,30,14,47.2,50,125,4,4,5.0,66,0,6.1
HIST-00050,2026-04-06 12:00:00,PRC-02,50,32,64.4,39,125,3,9,6.0,87,0,11.04
HIST-00051,2026-04-08 12:00:00,PRC-08,50,38,76.6,43,75,3,3,4.0,70,0,16.7
HIST-00052,2026-03-26 18:00:00,PRC-09,45,24,52.3,16,150,2,2,3.0,96,0,5.64
HIST-00053,2026-05-20 18:00:00,PRC-02,50,82,164.5,44,50,4,9,6.0,95,0,48.15
HIST-00054,2026-04-12 02:00:00,PRC-01,35,58,165.7,55,25,4,10,3.5,74,0,46.35
HIST-00055,2026-07-05 02:00:00,PRC-05,35,41,118.3,87,100,3,6,4.5,99,0,28.64
HIST-00056,2026-09-02 19:00:00,PRC-09,60,103,171.7,21,25,2,2,3.0,69,0,69.02
HIST-00057,2026-04-08 02:00:00,PRC-07,70,61,87.4,49,100,2,4,5.0,87,0,21.7
HIST-00058,2026-07-09 12:00:00,PRC-10,40,59,148.7,24,25,2,1,6.5,89,0,39.85
HIST-00059,2026-05-12 13:00:00,PRC-06,40,24,58.9,15,75,2,5,7.0,82,1,14.51
HIST-00060,2026-04-16 12:00:00,PRC-02,30,17,56.7,85,25,3,9,6.0,85,0,11.53
HIST-00061,2026-02-12 13:00:00,PRC-02,60,97,162.1,46,125,3,9,6.0,89,0,54.25
HIST-00062,2026-06-07 06:00:00,PRC-05,45,38,84.0,24,75,2,6,4.5,80,0,14.07
HIST-00063,2026-08-09 20:00:00,PRC-08,30,19,62.6,15,100,2,3,4.0,89,0,3.24
HIST-00064,2026-03-23 09:00:00,PRC-10,35,29,84.1,92,150,2,1,6.5,85,0,19.81
HIST-00065,2026-02-16 21:00:00,PRC-08,50,73,146.7,56,100,2,3,4.0,90,0,46.49
HIST-00066,2026-08-06 13:00:00,PRC-09,30,51,168.9,74,150,2,2,3.0,83,0,56.48
HIST-00067,2026-04-13 17:00:00,PRC-08,35,45,127.3,45,75,3,3,4.0,92,0,27.12
HIST-00068,2026-06-02 20:00:00,PRC-09,70,94,134.9,84,25,3,2,3.0,88,0,46.54
HIST-00069,2026-03-26 13:00:00,PRC-02,30,44,145.0,60,50,3,9,6.0,67,0,37.48
HIST-00070,2026-07-17 21:00:00,PRC-02,30,17,57.8,43,125,3,9,6.0,79,0,3.88
HIST-00071,2026-02-06 11:00:00,PRC-10,60,66,110.1,59,25,2,1,6.5,83,0,31.49
HIST-00072,2026-04-26 10:00:00,PRC-05,40,42,104.2,41,125,2,6,4.5,95,1,37.2
HIST-00073,2026-02-14 17:00:00,PRC-02,40,20,50.8,29,25,3,9,6.0,71,0,10.92
HIST-00074,2026-04-12 00:00:00,PRC-03,40,47,117.8,74,50,3,8,8.0,76,0,28.13
HIST-00075,2026-01-27 17:00:00,PRC-10,35,36,103.4,69,100,1,1,6.5,78,0,22.47
HIST-00076,2026-06-02 12:00:00,PRC-03,40,35,87.4,73,25,2,8,8.0,96,0,15.76
HIST-00077,2026-01-22 21:00:00,PRC-10,45,55,121.3,59,75,3,1,6.5,76,0,29.45
HIST-00078,2026-02-05 18:00:00,PRC-03,40,24,60.3,54,25,2,8,8.0,74,0,17.23
HIST-00079,2026-04-26 19:00:00,PRC-07,45,31,69.1,83,150,4,4,5.0,76,0,16.18
HIST-00080,2026-05-07 13:00:00,PRC-01,70,64,91.7,16,100,1,10,3.5,89,0,21.05
HIST-00081,2026-03-15 05:00:00,PRC-08,45,62,137.3,71,100,2,3,4.0,66,0,47.25
HIST-00082,2026-04-04 17:00:00,PRC-08,50,71,141.5,78,125,3,3,4.0,72,0,47.08
HIST-00083,2026-01-09 14:00:00,PRC-01,70,97,138.5,84,50,4,10,3.5,71,0,51.77
HIST-00084,2026-07-27 23:00:00,PRC-05,40,63,157.1,26,100,4,6,4.5,72,0,46.36
HIST-00085,2026-05-17 08:00:00,PRC-10,60,54,90.6,93,150,2,1,6.5,73,0,29.08
HIST-00086,2026-01-25 04:00:00,PRC-10,50,33,66.9,52,75,3,1,6.5,97,0,8.88
HIST-00087,2026-04-11 15:00:00,PRC-07,30,52,174.0,31,150,4,4,5.0,80,0,44.56
HIST-00088,2026-01-24 12:00:00,PRC-03,50,64,127.2,95,100,2,8,8.0,69,0,47.61
HIST-00089,2026-09-06 14:00:00,PRC-09,60,49,81.2,62,100,4,2,3.0,85,0,15.02
HIST-00090,2026-03-24 09:00:00,PRC-06,70,37,53.2,83,100,2,5,7.0,92,0,17.47
HIST-00091,2026-08-26 05:00:00,PRC-06,50,60,120.1,87,100,3,5,7.0,68,1,54.17
HIST-00092,2026-08-12 08:00:00,PRC-08,45,20,45.1,69,50,4,3,4.0,73,0,11.2
HIST-00093,2026-04-20 20:00:00,PRC-02,60,55,91.9,25,75,3,9,6.0,75,1,33.8
HIST-00094,2026-01-03 22:00:00,PRC-02,60,34,57.4,42,100,1,9,6.0,79,0,13.67
HIST-00095,2026-04-05 09:00:00,PRC-06,70,42,60.7,69,150,1,5,7.0,69,0,25.93
HIST-00096,2026-06-06 20:00:00,PRC-03,45,65,145.5,32,150,4,8,8.0,74,1,53.5
HIST-00097,2026-02-05 03:00:00,PRC-03,45,41,90.7,42,150,3,8,8.0,91,0,12.9
HIST-00098,2026-05-22 19:00:00,PRC-10,60,57,94.9,69,75,3,1,6.5,80,0,25.34
HIST-00099,2026-01-14 07:00:00,PRC-10,60,74,124.0,18,150,4,1,6.5,78,0,28.79
HIST-00100,2026-04-03 10:00:00,PRC-08,45,27,59.7,78,150,3,3,4.0,98,0,11.01
HIST-00101,2026-01-18 00:00:00,PRC-03,45,71,156.9,87,100,2,8,8.0,76,0,55.21
HIST-00102,2026-04-13 02:00:00,PRC-05,35,18,50.2,22,100,3,6,4.5,97,0,2.95
HIST-00103,2026-05-31 20:00:00,PRC-09,50,63,125.1,50,25,2,2,3.0,97,0,32.88
HIST-00104,2026-01-15 09:00:00,PRC-02,40,54,135.8,45,25,2,9,6.0,92,1,51.25
HIST-00105,2026-02-12 11:00:00,PRC-03,30,14,46.6,32,150,1,8,8.0,96,0,8.35
HIST-00106,2026-05-15 02:00:00,PRC-03,60,88,146.5,49,150,4,8,8.0,66,0,47.29
HIST-00107,2026-03-07 03:00:00,PRC-05,60,103,171.8,95,25,2,6,4.5,97,0,66.62
HIST-00108,2026-01-12 15:00:00,PRC-10,60,83,139.0,44,150,3,1,6.5,67,0,46.1
HIST-00109,2026-07-31 02:00:00,PRC-06,45,74,164.6,37,25,3,5,7.0,91,0,49.26
HIST-00110,2026-01-18 14:00:00,PRC-10,40,24,60.5,21,50,2,1,6.5,98,0,6.24
HIST-00111,2026-03-04 14:00:00,PRC-05,70,108,154.8,56,25,3,6,4.5,65,0,63.21
HIST-00112,2026-01-07 07:00:00,PRC-06,50,86,171.3,40,150,4,5,7.0,80,0,51.09
HIST-00113,2026-03-02 13:00:00,PRC-09,40,51,127.7,16,75,1,2,3.0,89,0,29.59
HIST-00114,2026-05-14 13:00:00,PRC-08,30,51,171.4,33,150,2,3,4.0,67,0,53.67
HIST-00115,2026-06-19 04:00:00,PRC-06,45,77,171.7,25,125,1,5,7.0,73,0,58.33
HIST-00116,2026-01-20 06:00:00,PRC-04,40,32,78.9,55,100,3,7,5.5,85,0,10.81
HIST-00117,2026-02-23 14:00:00,PRC-03,70,102,145.1,28,50,1,8,8.0,93,0,46.33
HIST-00118,2026-01-11 06:00:00,PRC-05,45,36,79.5,30,25,2,6,4.5,84,0,10.79
HIST-00119,2026-04-14 14:00:00,PRC-06,35,20,56.9,46,75,2,5,7.0,68,0,15.32
HIST-00120,2026-07-19 07:00:00,PRC-09,60,70,116.5,27,100,1,2,3.0,73,0,33.94
HIST-00121,2026-01-17 06:00:00,PRC-03,35,53,152.1,62,150,3,8,8.0,70,0,45.16
HIST-00122,2026-04-21 23:00:00,PRC-08,70,43,61.7,57,25,1,3,4.0,94,1,39.47
HIST-00123,2026-06-07 07:00:00,PRC-07,45,22,48.8,69,50,2,4,5.0,76,0,16.87
HIST-00124,2026-06-14 16:00:00,PRC-05,45,44,98.6,85,100,1,6,4.5,82,0,25.57
HIST-00125,2026-03-24 12:00:00,PRC-04,60,105,174.2,84,25,4,7,5.5,87,0,62.75
HIST-00126,2026-05-16 11:00:00,PRC-05,35,17,48.4,91,50,1,6,4.5,82,1,40.54
HIST-00127,2026-08-31 07:00:00,PRC-10,35,60,171.6,27,50,3,1,6.5,82,0,46.51
HIST-00128,2026-07-26 23:00:00,PRC-10,70,121,172.7,64,75,4,1,6.5,76,0,65.6
HIST-00129,2026-02-14 15:00:00,PRC-06,50,24,48.7,60,125,3,5,7.0,77,0,14.53
HIST-00130,2026-02-21 04:00:00,PRC-01,30,16,52.3,92,50,1,10,3.5,95,1,35.95
HIST-00131,2026-04-06 22:00:00,PRC-06,60,41,68.1,56,25,1,5,7.0,74,0,24.98
HIST-00132,2026-06-13 15:00:00,PRC-07,50,29,58.1,53,75,1,4,5.0,75,0,14.47
HIST-00133,2026-06-26 09:00:00,PRC-06,35,48,136.9,86,150,4,5,7.0,87,0,33.35
HIST-00134,2026-07-27 19:00:00,PRC-03,35,49,139.7,88,100,4,8,8.0,67,0,42.03
HIST-00135,2026-01-23 22:00:00,PRC-04,60,71,118.5,78,50,2,7,5.5,69,0,42.26
HIST-00136,2026-01-01 01:00:00,PRC-06,45,21,46.5,41,50,3,5,7.0,87,0,9.66
HIST-00137,2026-05-28 20:00:00,PRC-07,45,63,140.2,36,100,2,4,5.0,89,0,38.15
HIST-00138,2026-02-13 12:00:00,PRC-04,35,36,103.7,19,75,1,7,5.5,81,0,12.52
HIST-00139,2026-04-22 05:00:00,PRC-03,60,33,54.8,26,75,3,8,8.0,95,0,6.56
HIST-00140,2026-03-02 03:00:00,PRC-01,30,26,88.0,39,100,3,10,3.5,99,0,5.54
HIST-00141,2026-02-21 03:00:00,PRC-01,45,54,119.3,77,50,1,10,3.5,65,0,38.19
HIST-00142,2026-05-06 21:00:00,PRC-01,35,24,67.2,52,25,2,10,3.5,72,0,13.24
HIST-00143,2026-02-27 08:00:00,PRC-05,30,39,128.4,64,50,2,6,4.5,89,0,28.16
HIST-00144,2026-02-28 17:00:00,PRC-10,30,19,64.6,27,25,3,1,6.5,99,0,6.17
HIST-00145,2026-08-07 22:00:00,PRC-01,70,67,95.3,81,100,4,10,3.5,95,0,21.33
HIST-00146,2026-02-14 05:00:00,PRC-01,50,60,119.3,81,125,3,10,3.5,74,0,35.8
HIST-00147,2026-03-23 23:00:00,PRC-04,70,49,70.1,20,100,1,7,5.5,92,0,17.57
HIST-00148,2026-01-04 22:00:00,PRC-02,30,29,95.5,65,125,2,9,6.0,82,0,16.71
HIST-00149,2026-01-28 18:00:00,PRC-10,50,56,112.9,68,25,2,1,6.5,74,0,31.72
HIST-00150,2026-06-05 15:00:00,PRC-02,70,58,82.2,83,75,4,9,6.0,81,0,20.82
HIST-00151,2026-07-10 15:00:00,PRC-01,35,28,80.8,33,125,3,10,3.5,90,1,27.2
HIST-00152,2026-09-06 07:00:00,PRC-05,40,19,47.6,53,75,2,6,4.5,96,0,10.64
HIST-00153,2026-04-15 23:00:00,PRC-03,40,69,171.6,71,75,2,8,8.0,91,0,51.99
HIST-00154,2026-04-14 04:00:00,PRC-08,70,78,112.1,62,25,3,3,4.0,75,1,52.82
HIST-00155,2026-04-05 14:00:00,PRC-09,50,24,48.8,39,50,3,2,3.0,80,1,16.69
HIST-00156,2026-09-03 15:00:00,PRC-09,45,57,127.6,30,150,1,2,3.0,88,0,32.07
HIST-00157,2026-09-05 06:00:00,PRC-10,50,45,90.5,35,75,3,1,6.5,70,0,18.87
HIST-00158,2026-07-16 21:00:00,PRC-04,60,45,74.3,41,75,3,7,5.5,97,1,34.05
HIST-00159,2026-06-14 08:00:00,PRC-01,45,74,163.5,37,125,3,10,3.5,79,0,47.92
HIST-00160,2026-04-12 18:00:00,PRC-07,45,70,155.7,73,75,2,4,5.0,84,0,54.32
HIST-00161,2026-06-13 10:00:00,PRC-02,30,33,111.5,62,125,3,9,6.0,83,0,22.76
HIST-00162,2026-07-25 19:00:00,PRC-05,40,52,130.3,53,50,1,6,4.5,80,0,37.49
HIST-00163,2026-01-10 18:00:00,PRC-07,60,52,86.5,32,150,1,4,5.0,96,0,16.84
HIST-00164,2026-05-10 09:00:00,PRC-10,70,49,69.7,43,150,3,1,6.5,95,0,15.35
HIST-00165,2026-02-16 21:00:00,PRC-03,70,91,130.5,86,50,2,8,8.0,95,0,47.5
HIST-00166,2026-04-06 08:00:00,PRC-06,60,34,56.6,60,50,3,5,7.0,84,0,9.82
HIST-00167,2026-05-16 09:00:00,PRC-10,40,42,105.3,30,100,1,1,6.5,69,0,25.17
HIST-00168,2026-08-21 14:00:00,PRC-07,30,47,158.2,34,50,4,4,5.0,86,0,36.94
HIST-00169,2026-07-18 05:00:00,PRC-03,40,63,157.1,38,25,2,8,8.0,76,0,45.95
HIST-00170,2026-04-09 00:00:00,PRC-10,70,46,65.6,26,50,3,1,6.5,92,0,11.97
HIST-00171,2026-06-27 11:00:00,PRC-01,50,35,70.9,62,25,4,10,3.5,98,0,9.69
HIST-00172,2026-03-16 14:00:00,PRC-05,35,20,58.4,79,125,2,6,4.5,69,0,17.51
HIST-00173,2026-08-21 12:00:00,PRC-09,50,57,113.1,70,150,4,2,3.0,86,0,23.26
HIST-00174,2026-06-16 01:00:00,PRC-01,35,26,74.2,31,50,3,10,3.5,97,0,5.52
HIST-00175,2026-04-17 14:00:00,PRC-07,60,47,78.3,83,125,1,4,5.0,68,0,31.8
HIST-00176,2026-06-19 16:00:00,PRC-07,30,35,116.1,75,150,2,4,5.0,65,0,30.7
HIST-00177,2026-05-08 06:00:00,PRC-05,50,62,123.7,32,100,3,6,4.5,71,0,31.01
HIST-00178,2026-05-08 06:00:00,PRC-10,35,51,146.1,81,50,2,1,6.5,91,0,44.25
HIST-00179,2026-05-11 02:00:00,PRC-08,40,30,75.5,16,150,1,3,4.0,72,0,15.33
HIST-00180,2026-01-11 09:00:00,PRC-02,40,52,128.8,73,75,2,9,6.0,68,1,50.24
HIST-00181,2026-08-17 14:00:00,PRC-06,70,93,133.0,69,150,1,5,7.0,67,1,63.45
HIST-00182,2026-04-27 08:00:00,PRC-10,40,64,159.2,26,75,3,1,6.5,76,1,56.97
HIST-00183,2026-02-10 03:00:00,PRC-07,60,93,155.6,68,150,4,4,5.0,75,1,76.21
HIST-00184,2026-08-09 21:00:00,PRC-07,50,54,107.7,87,150,2,4,5.0,89,0,28.14
HIST-00185,2026-07-16 23:00:00,PRC-03,45,74,164.7,29,100,2,8,8.0,69,0,54.01
HIST-00186,2026-05-04 11:00:00,PRC-10,60,71,118.5,58,125,3,1,6.5,71,0,32.51
HIST-00187,2026-07-12 15:00:00,PRC-07,35,54,154.1,86,125,1,4,5.0,75,0,50.58
HIST-00188,2026-04-28 14:00:00,PRC-06,35,31,88.0,50,25,3,5,7.0,89,0,10.31
HIST-00189,2026-05-21 00:00:00,PRC-10,45,25,56.4,78,100,2,1,6.5,96,0,13.76
HIST-00190,2026-04-27 10:00:00,PRC-02,70,86,123.5,94,150,2,9,6.0,97,0,43.31
HIST-00191,2026-06-18 07:00:00,PRC-06,70,36,52.1,43,100,2,5,7.0,95,0,12.26
HIST-00192,2026-02-05 22:00:00,PRC-01,40,36,91.2,52,125,3,10,3.5,71,1,27.36
HIST-00193,2026-07-13 13:00:00,PRC-07,30,23,78.1,40,50,1,4,5.0,90,0,11.84
HIST-00194,2026-05-10 04:00:00,PRC-01,60,92,153.9,90,25,3,10,3.5,93,0,56.32
HIST-00195,2026-02-14 23:00:00,PRC-08,30,34,113.9,21,125,4,3,4.0,95,0,13.61
HIST-00196,2026-06-05 22:00:00,PRC-03,30,29,95.4,91,125,4,8,8.0,97,0,10.96
HIST-00197,2026-08-04 22:00:00,PRC-04,40,39,96.7,58,75,2,7,5.5,73,0,21.51
HIST-00198,2026-03-30 21:00:00,PRC-09,70,60,85.8,85,150,2,2,3.0,78,0,25.84
HIST-00199,2026-08-30 21:00:00,PRC-03,60,78,129.5,37,125,3,8,8.0,85,0,32.07
HIST-00200,2026-01-07 12:00:00,PRC-07,60,85,142.2,83,75,4,4,5.0,92,0,43.98
HIST-00201,2026-07-20 09:00:00,PRC-03,30,40,132.1,40,75,3,8,8.0,75,0,28.97
HIST-00202,2026-03-02 16:00:00,PRC-04,70,81,115.4,60,100,1,7,5.5,79,0,38.96
HIST-00203,2026-08-11 14:00:00,PRC-05,60,79,131.4,63,100,2,6,4.5,85,0,40.62
HIST-00204,2026-03-17 14:00:00,PRC-04,60,82,136.6,62,125,3,7,5.5,77,0,42.96
HIST-00205,2026-08-05 08:00:00,PRC-03,60,33,54.7,37,150,3,8,8.0,89,1,21.09
HIST-00206,2026-06-10 19:00:00,PRC-01,40,42,105.6,34,25,2,10,3.5,85,0,17.05
HIST-00207,2026-02-10 13:00:00,PRC-05,45,66,147.7,85,75,1,6,4.5,85,0,45.58
HIST-00208,2026-09-01 19:00:00,PRC-09,50,49,97.4,59,50,4,2,3.0,86,0,13.79
HIST-00209,2026-01-11 21:00:00,PRC-09,45,79,174.6,16,25,3,2,3.0,93,0,52.15
HIST-00210,2026-07-17 11:00:00,PRC-06,45,74,164.1,29,100,2,5,7.0,83,1,64.2
HIST-00211,2026-07-17 17:00:00,PRC-09,70,78,111.1,77,25,2,2,3.0,77,0,40.3
HIST-00212,2026-01-27 06:00:00,PRC-09,30,38,126.5,41,150,3,2,3.0,78,0,27.46
HIST-00213,2026-01-23 02:00:00,PRC-09,70,95,136.4,70,150,3,2,3.0,69,0,49.92
HIST-00214,2026-04-26 20:00:00,PRC-01,35,52,148.2,86,25,3,10,3.5,79,0,43.23
HIST-00215,2026-06-29 02:00:00,PRC-07,45,39,86.1,64,150,1,4,5.0,65,0,25.69
HIST-00216,2026-01-08 15:00:00,PRC-06,50,29,58.8,53,125,1,5,7.0,93,0,12.09
HIST-00217,2026-06-15 11:00:00,PRC-03,50,37,73.6,65,125,2,8,8.0,74,0,23.34
HIST-00218,2026-03-20 06:00:00,PRC-01,50,79,158.7,33,25,1,10,3.5,90,0,49.95
HIST-00219,2026-05-26 01:00:00,PRC-06,35,35,98.6,80,50,2,5,7.0,79,0,21.32
HIST-00220,2026-05-05 10:00:00,PRC-09,45,58,128.8,24,75,3,2,3.0,81,1,48.14
HIST-00221,2026-03-20 22:00:00,PRC-06,35,46,132.3,45,25,2,5,7.0,69,0,32.87
HIST-00222,2026-02-26 22:00:00,PRC-10,35,41,118.5,61,75,4,1,6.5,75,1,35.68
HIST-00223,2026-02-14 20:00:00,PRC-07,40,62,154.2,32,150,3,4,5.0,95,0,38.79
HIST-00224,2026-08-06 16:00:00,PRC-10,30,46,154.4,32,125,2,1,6.5,69,0,45.11
HIST-00225,2026-07-18 04:00:00,PRC-01,70,84,120.6,66,125,2,10,3.5,67,0,46.23
HIST-00226,2026-04-12 11:00:00,PRC-06,45,33,74.0,90,150,4,5,7.0,73,0,17.62
HIST-00227,2026-08-12 04:00:00,PRC-09,30,39,131.1,93,150,2,2,3.0,97,0,30.82
HIST-00228,2026-05-13 11:00:00,PRC-08,40,20,50.3,77,50,1,3,4.0,88,0,13.9
HIST-00229,2026-07-09 08:00:00,PRC-07,45,74,164.3,20,25,4,4,5.0,85,1,64.12
HIST-00230,2026-08-21 07:00:00,PRC-10,50,60,119.1,63,150,2,1,6.5,69,0,34.71
HIST-00231,2026-06-14 08:00:00,PRC-09,45,41,90.9,59,100,3,2,3.0,65,0,21.52
HIST-00232,2026-03-26 23:00:00,PRC-04,35,24,69.3,61,125,3,7,5.5,72,0,14.81
HIST-00233,2026-06-11 16:00:00,PRC-02,45,60,132.8,76,50,3,9,6.0,91,1,42.94
HIST-00234,2026-05-25 20:00:00,PRC-01,50,32,64.1,36,75,4,10,3.5,98,0,6.2
HIST-00235,2026-07-23 18:00:00,PRC-01,60,84,139.6,51,25,2,10,3.5,95,0,45.25
HIST-00236,2026-01-18 07:00:00,PRC-03,50,65,130.8,48,50,3,8,8.0,86,0,30.36
HIST-00237,2026-08-19 19:00:00,PRC-07,45,28,62.2,17,50,3,4,5.0,97,0,4.59
HIST-00238,2026-06-04 17:00:00,PRC-10,30,48,159.1,83,125,3,1,6.5,70,0,48.38
HIST-00239,2026-07-16 12:00:00,PRC-01,70,93,133.2,70,125,2,10,3.5,67,0,54.4
HIST-00240,2026-08-08 02:00:00,PRC-06,50,75,149.6,88,25,2,5,7.0,81,0,50.81
HIST-00241,2026-06-26 10:00:00,PRC-05,50,80,159.0,67,75,2,6,4.5,65,0,62.64
HIST-00242,2026-04-04 19:00:00,PRC-07,40,24,58.9,69,150,3,4,5.0,81,0,12.12
HIST-00243,2026-05-28 11:00:00,PRC-05,60,58,96.7,41,100,3,6,4.5,95,0,11.41
HIST-00244,2026-07-21 10:00:00,PRC-07,60,38,62.9,30,150,2,4,5.0,75,1,31.2
HIST-00245,2026-01-23 02:00:00,PRC-09,50,68,135.6,21,50,2,2,3.0,65,0,38.91
HIST-00246,2026-07-02 19:00:00,PRC-05,35,33,93.2,92,25,3,6,4.5,90,0,16.31
HIST-00247,2026-03-01 19:00:00,PRC-01,70,106,151.6,78,100,1,10,3.5,98,0,58.95
HIST-00248,2026-04-13 11:00:00,PRC-03,60,30,49.7,45,150,1,8,8.0,75,1,27.89
HIST-00249,2026-05-30 11:00:00,PRC-07,45,55,121.2,81,25,3,4,5.0,69,0,34.88
HIST-00250,2026-04-15 16:00:00,PRC-06,70,57,80.9,92,50,2,5,7.0,90,0,22.52
HIST-00251,2026-06-27 14:00:00,PRC-02,50,27,54.4,52,75,4,9,6.0,97,0,8.11
HIST-00252,2026-08-09 00:00:00,PRC-07,50,54,107.9,46,75,4,4,5.0,94,0,15.19
HIST-00253,2026-05-13 17:00:00,PRC-08,30,24,78.5,63,150,3,3,4.0,79,0,10.18
HIST-00254,2026-05-02 10:00:00,PRC-01,60,92,153.2,46,75,1,10,3.5,86,1,78.78
HIST-00255,2026-02-22 07:00:00,PRC-06,35,56,161.3,49,50,4,5,7.0,77,0,43.17
HIST-00256,2026-09-02 21:00:00,PRC-04,70,54,77.5,94,75,2,7,5.5,71,1,34.56
HIST-00257,2026-08-11 08:00:00,PRC-08,50,23,45.9,84,25,3,3,4.0,88,0,15.94
HIST-00258,2026-05-03 17:00:00,PRC-08,35,61,173.0,80,75,2,3,4.0,73,1,78.18
HIST-00259,2026-05-29 03:00:00,PRC-01,50,45,90.1,37,100,4,10,3.5,98,0,11.67
HIST-00260,2026-03-29 11:00:00,PRC-06,40,50,124.7,48,50,3,5,7.0,80,0,27.58
HIST-00261,2026-05-28 21:00:00,PRC-03,45,45,100.1,68,150,3,8,8.0,88,0,16.81
HIST-00262,2026-07-09 04:00:00,PRC-04,70,41,58.0,49,50,3,7,5.5,89,0,13.82
HIST-00263,2026-08-08 18:00:00,PRC-08,70,32,46.3,68,100,1,3,4.0,98,0,15.76
HIST-00264,2026-04-26 23:00:00,PRC-01,45,26,57.9,35,25,2,10,3.5,81,0,10.79
HIST-00265,2026-06-05 06:00:00,PRC-06,40,37,91.9,86,125,4,5,7.0,81,0,13.87
HIST-00266,2026-05-05 23:00:00,PRC-10,50,65,129.5,83,50,4,1,6.5,83,0,36.84
HIST-00267,2026-06-06 18:00:00,PRC-08,30,28,94.5,51,100,3,3,4.0,74,0,15.11
HIST-00268,2026-03-10 19:00:00,PRC-07,70,114,162.9,25,50,2,4,5.0,85,0,58.32
HIST-00269,2026-06-19 08:00:00,PRC-07,40,64,160.4,61,150,3,4,5.0,93,0,49.08
HIST-00270,2026-04-12 16:00:00,PRC-02,35,23,66.7,28,25,1,9,6.0,95,0,10.22
HIST-00271,2026-02-03 16:00:00,PRC-02,30,24,79.1,34,25,3,9,6.0,89,0,5.86
HIST-00272,2026-03-11 17:00:00,PRC-03,30,15,49.6,60,75,4,8,8.0,94,0,7.27
HIST-00273,2026-06-13 17:00:00,PRC-08,35,60,171.0,84,50,3,3,4.0,94,0,50.28
HIST-00274,2026-01-03 00:00:00,PRC-05,40,43,107.6,44,25,2,6,4.5,88,0,17.45
HIST-00275,2026-01-03 13:00:00,PRC-09,70,101,143.6,32,75,2,2,3.0,99,1,71.08
HIST-00276,2026-03-05 05:00:00,PRC-05,50,38,75.1,15,125,2,6,4.5,91,0,9.57
HIST-00277,2026-03-11 09:00:00,PRC-07,70,66,94.2,48,25,2,4,5.0,80,0,21.69
HIST-00278,2026-04-26 08:00:00,PRC-09,70,56,79.9,39,25,2,2,3.0,83,1,31.43
HIST-00279,2026-04-23 23:00:00,PRC-10,45,31,69.4,17,50,1,1,6.5,99,1,32.15
HIST-00280,2026-04-06 14:00:00,PRC-01,35,20,56.7,16,100,2,10,3.5,91,0,6.23
HIST-00281,2026-07-29 12:00:00,PRC-01,40,22,55.4,33,25,2,10,3.5,90,1,23.73
HIST-00282,2026-02-20 14:00:00,PRC-01,30,52,171.7,46,100,3,10,3.5,93,0,49.02
HIST-00283,2026-05-21 16:00:00,PRC-02,50,66,131.6,41,100,2,9,6.0,84,0,34.42
HIST-00284,2026-01-29 07:00:00,PRC-02,40,43,107.6,53,50,2,9,6.0,68,0,22.4
HIST-00285,2026-06-02 04:00:00,PRC-07,40,19,47.0,50,125,1,4,5.0,80,1,22.08
HIST-00286,2026-06-10 01:00:00,PRC-06,70,40,56.6,35,100,1,5,7.0,86,0,13.4
HIST-00287,2026-08-17 14:00:00,PRC-01,40,52,128.8,83,25,1,10,3.5,79,0,37.69
HIST-00288,2026-03-17 17:00:00,PRC-04,30,40,134.6,60,150,1,7,5.5,67,0,37.92
HIST-00289,2026-01-18 16:00:00,PRC-08,35,42,118.7,84,75,2,3,4.0,94,0,29.46
HIST-00290,2026-07-07 05:00:00,PRC-03,45,38,83.4,48,125,2,8,8.0,65,0,20.03
HIST-00291,2026-05-08 17:00:00,PRC-01,50,78,156.4,94,50,2,10,3.5,69,0,58.54
HIST-00292,2026-08-02 04:00:00,PRC-03,50,41,81.8,67,150,2,8,8.0,71,0,23.64
HIST-00293,2026-06-29 18:00:00,PRC-03,70,34,49.1,28,100,2,8,8.0,67,0,15.78
HIST-00294,2026-08-02 02:00:00,PRC-05,30,28,92.6,92,150,1,6,4.5,78,0,19.49
HIST-00295,2026-05-16 01:00:00,PRC-08,70,90,128.1,61,125,3,3,4.0,91,0,42.25
HIST-00296,2026-05-15 21:00:00,PRC-02,70,59,84.5,42,125,1,9,6.0,79,0,24.55
HIST-00297,2026-06-29 21:00:00,PRC-04,50,63,126.3,37,125,3,7,5.5,91,0,26.34
HIST-00298,2026-06-03 14:00:00,PRC-07,30,20,66.7,38,125,2,4,5.0,86,0,6.71
HIST-00299,2026-04-07 17:00:00,PRC-06,40,47,116.5,56,75,2,5,7.0,92,0,24.74
HIST-00300,2026-05-13 04:00:00,PRC-05,40,68,170.0,72,100,1,6,4.5,67,0,65.64
HIST-00301,2026-05-11 17:00:00,PRC-05,30,25,84.0,43,50,4,6,4.5,66,0,13.98
HIST-00302,2026-03-05 07:00:00,PRC-10,50,33,65.1,19,100,2,1,6.5,73,0,9.89
HIST-00303,2026-07-31 22:00:00,PRC-05,70,59,84.0,88,100,3,6,4.5,78,0,25.43
HIST-00304,2026-07-17 10:00:00,PRC-10,70,114,163.0,91,150,2,1,6.5,89,1,74.81
HIST-00305,2026-03-23 17:00:00,PRC-06,70,71,101.5,30,50,3,5,7.0,65,0,28.78
HIST-00306,2026-05-28 16:00:00,PRC-10,35,31,87.5,43,50,1,1,6.5,90,0,14.57
HIST-00307,2026-04-13 16:00:00,PRC-02,35,35,101.2,65,50,1,9,6.0,70,0,22.01
HIST-00308,2026-05-24 19:00:00,PRC-07,70,95,135.7,32,100,3,4,5.0,96,0,40.62
HIST-00309,2026-03-30 19:00:00,PRC-09,35,27,76.5,49,100,2,2,3.0,70,1,29.5
HIST-00310,2026-08-25 07:00:00,PRC-01,70,59,84.6,59,125,3,10,3.5,93,0,20.08
HIST-00311,2026-01-04 10:00:00,PRC-04,60,56,93.6,25,25,3,7,5.5,80,0,18.29
HIST-00312,2026-07-12 08:00:00,PRC-02,40,41,103.5,17,75,2,9,6.0,99,0,10.34
HIST-00313,2026-01-16 09:00:00,PRC-09,45,57,126.0,33,150,3,2,3.0,66,0,31.73
HIST-00314,2026-06-19 21:00:00,PRC-04,70,95,135.5,49,25,2,7,5.5,65,1,69.2
HIST-00315,2026-06-02 17:00:00,PRC-06,70,41,59.0,52,150,2,5,7.0,89,0,17.23
HIST-00316,2026-03-20 10:00:00,PRC-02,35,25,70.9,73,125,4,9,6.0,66,1,35.54
HIST-00317,2026-07-27 01:00:00,PRC-08,45,64,141.8,17,75,3,3,4.0,87,0,35.22
HIST-00318,2026-06-18 04:00:00,PRC-05,45,72,160.8,18,125,4,6,4.5,79,0,43.07
HIST-00319,2026-03-26 14:00:00,PRC-02,60,57,94.7,93,150,3,9,6.0,91,0,26.6
HIST-00320,2026-06-30 16:00:00,PRC-09,35,25,71.9,32,125,3,2,3.0,77,0,8.51
HIST-00321,2026-03-23 04:00:00,PRC-03,45,78,174.4,33,150,4,8,8.0,75,0,54.8
HIST-00322,2026-02-03 05:00:00,PRC-01,70,60,86.4,67,100,2,10,3.5,82,0,23.4
HIST-00323,2026-07-19 15:00:00,PRC-01,70,121,173.2,93,75,3,10,3.5,79,0,74.21
HIST-00324,2026-02-05 05:00:00,PRC-03,50,78,155.0,75,150,3,8,8.0,76,0,52.81
HIST-00325,2026-08-26 14:00:00,PRC-04,35,17,49.2,16,75,4,7,5.5,79,0,2.21
HIST-00326,2026-07-04 10:00:00,PRC-10,45,60,134.4,73,50,2,1,6.5,67,0,43.44
HIST-00327,2026-03-04 16:00:00,PRC-07,50,84,167.1,88,125,3,4,5.0,67,0,64.41
HIST-00328,2026-08-15 09:00:00,PRC-09,45,78,172.9,20,125,2,2,3.0,68,0,58.14
HIST-00329,2026-05-09 03:00:00,PRC-05,45,30,66.6,52,125,4,6,4.5,98,0,7.56
HIST-00330,2026-06-01 22:00:00,PRC-03,70,85,121.1,84,50,2,8,8.0,85,0,39.92
HIST-00331,2026-04-03 02:00:00,PRC-04,45,26,56.7,56,150,3,7,5.5,75,0,14.58
HIST-00332,2026-02-13 10:00:00,PRC-09,60,57,94.9,80,125,4,2,3.0,89,0,20.25
HIST-00333,2026-09-04 14:00:00,PRC-10,70,91,130.7,34,50,4,1,6.5,76,0,37.96
HIST-00334,2026-05-08 17:00:00,PRC-05,60,41,68.5,31,50,1,6,4.5,81,1,34.29
HIST-00335,2026-08-14 17:00:00,PRC-01,50,80,159.8,45,50,3,10,3.5,95,0,48.35
HIST-00336,2026-08-07 01:00:00,PRC-05,50,63,126.7,41,25,2,6,4.5,68,0,37.4
HIST-00337,2026-06-29 19:00:00,PRC-10,70,86,123.4,57,25,1,1,6.5,91,0,40.18
HIST-00338,2026-04-05 12:00:00,PRC-10,70,83,118.1,73,150,3,1,6.5,67,1,56.28
HIST-00339,2026-02-23 22:00:00,PRC-02,70,70,100.6,85,25,2,9,6.0,73,0,31.16
HIST-00340,2026-06-26 19:00:00,PRC-04,50,26,52.6,88,150,4,7,5.5,98,0,12.87
HIST-00341,2026-05-08 15:00:00,PRC-05,45,56,124.1,55,75,3,6,4.5,87,0,25.09
HIST-00342,2026-07-08 06:00:00,PRC-03,50,38,75.3,52,50,1,8,8.0,66,0,23.6
HIST-00343,2026-03-20 09:00:00,PRC-10,45,44,98.8,57,75,3,1,6.5,78,1,27.4
HIST-00344,2026-09-03 00:00:00,PRC-09,50,44,87.1,15,25,3,2,3.0,86,0,12.84
HIST-00345,2026-08-17 17:00:00,PRC-03,35,31,88.0,58,150,2,8,8.0,95,0,10.93
HIST-00346,2026-03-22 17:00:00,PRC-06,45,66,146.9,67,150,1,5,7.0,98,0,46.51
HIST-00347,2026-08-04 05:00:00,PRC-09,30,22,72.1,57,75,1,2,3.0,74,0,19.36
HIST-00348,2026-01-09 08:00:00,PRC-10,50,48,95.6,91,25,4,1,6.5,84,0,17.85
HIST-00349,2026-07-19 06:00:00,PRC-07,30,33,109.6,45,75,2,4,5.0,84,0,19.23
HIST-00350,2026-05-15 09:00:00,PRC-02,45,50,110.8,76,125,2,9,6.0,86,0,27.5
HIST-00351,2026-01-30 00:00:00,PRC-06,35,51,145.0,27,125,3,5,7.0,73,0,33.48
HIST-00352,2026-07-10 09:00:00,PRC-05,30,40,134.3,91,25,2,6,4.5,67,1,61.69
HIST-00353,2026-02-08 05:00:00,PRC-01,50,72,143.6,41,75,2,10,3.5,83,0,41.05
HIST-00354,2026-03-11 04:00:00,PRC-05,30,14,47.0,94,125,3,6,4.5,78,0,13.58
HIST-00355,2026-01-13 03:00:00,PRC-05,50,38,76.8,24,75,3,6,4.5,86,0,12.95
HIST-00356,2026-07-29 06:00:00,PRC-07,30,17,56.2,65,50,3,4,5.0,93,0,8.86
HIST-00357,2026-05-01 07:00:00,PRC-09,30,51,171.6,74,125,1,2,3.0,94,1,63.69
HIST-00358,2026-03-26 10:00:00,PRC-04,35,55,156.9,93,75,4,7,5.5,90,0,41.44
HIST-00359,2026-05-11 03:00:00,PRC-08,45,22,48.9,75,25,2,3,4.0,94,0,11.59
HIST-00360,2026-04-13 18:00:00,PRC-07,70,97,137.9,28,75,3,4,5.0,69,0,49.55
HIST-00361,2026-09-08 13:00:00,PRC-07,35,44,125.7,85,50,4,4,5.0,89,1,36.97
HIST-00362,2026-08-03 15:00:00,PRC-10,70,63,89.5,45,50,3,1,6.5,69,0,22.44
HIST-00363,2026-07-28 19:00:00,PRC-02,50,61,122.5,56,125,1,9,6.0,93,0,34.03
HIST-00364,2026-06-12 00:00:00,PRC-07,40,44,109.3,22,25,2,4,5.0,73,0,21.23
HIST-00365,2026-08-22 21:00:00,PRC-03,60,39,64.4,83,75,2,8,8.0,93,0,17.73
HIST-00366,2026-03-17 01:00:00,PRC-05,45,62,138.3,59,25,3,6,4.5,97,0,38.26
HIST-00367,2026-06-01 12:00:00,PRC-06,50,85,170.8,15,150,3,5,7.0,87,1,64.76
HIST-00368,2026-04-09 11:00:00,PRC-06,60,57,94.8,63,100,3,5,7.0,76,0,22.64
HIST-00369,2026-02-04 02:00:00,PRC-07,35,29,82.5,31,50,1,4,5.0,66,0,15.82
HIST-00370,2026-04-19 17:00:00,PRC-03,60,90,149.8,73,150,3,8,8.0,92,0,46.38
HIST-00371,2026-05-20 18:00:00,PRC-08,45,41,91.2,38,100,3,3,4.0,96,0,9.79
HIST-00372,2026-01-21 04:00:00,PRC-06,30,52,172.2,87,100,3,5,7.0,72,0,55.45
HIST-00373,2026-09-03 21:00:00,PRC-09,70,121,172.9,50,100,3,2,3.0,98,0,63.18
HIST-00374,2026-04-27 16:00:00,PRC-02,60,76,127.4,89,75,3,9,6.0,86,0,39.58
HIST-00375,2026-07-06 18:00:00,PRC-08,50,70,140.4,68,75,4,3,4.0,83,0,41.48
HIST-00376,2026-03-15 15:00:00,PRC-05,30,38,126.8,89,50,3,6,4.5,83,0,27.48
HIST-00377,2026-08-21 18:00:00,PRC-02,35,39,110.7,50,75,1,9,6.0,82,0,22.33
HIST-00378,2026-08-09 01:00:00,PRC-03,60,62,103.1,37,75,3,8,8.0,80,0,18.01
HIST-00379,2026-02-23 18:00:00,PRC-06,30,51,170.8,91,50,3,5,7.0,91,0,48.15
HIST-00380,2026-08-31 17:00:00,PRC-06,30,39,128.5,29,25,2,5,7.0,90,0,25.11
HIST-00381,2026-06-23 10:00:00,PRC-04,45,60,133.9,64,100,2,7,5.5,98,0,38.28
HIST-00382,2026-03-11 10:00:00,PRC-09,60,102,169.3,27,125,3,2,3.0,92,0,55.64
HIST-00383,2026-02-19 16:00:00,PRC-05,40,60,149.3,47,150,3,6,4.5,94,0,38.51
HIST-00384,2026-01-26 16:00:00,PRC-06,60,81,134.7,38,75,3,5,7.0,65,0,42.03
HIST-00385,2026-08-17 06:00:00,PRC-02,60,62,103.0,43,150,2,9,6.0,77,1,43.32
HIST-00386,2026-06-15 18:00:00,PRC-10,60,36,60.8,30,25,4,1,6.5,73,0,12.13
HIST-00387,2026-08-20 21:00:00,PRC-03,30,41,135.4,47,75,2,8,8.0,69,0,35.07
HIST-00388,2026-03-08 08:00:00,PRC-06,40,26,66.1,24,75,3,5,7.0,89,0,7.63
HIST-00389,2026-01-28 14:00:00,PRC-03,45,24,54.0,40,125,2,8,8.0,96,1,22.63
HIST-00390,2026-06-17 20:00:00,PRC-05,30,15,49.5,24,125,3,6,4.5,93,1,18.69
HIST-00391,2026-04-22 12:00:00,PRC-01,30,39,131.4,49,50,3,10,3.5,90,0,27.53
HIST-00392,2026-04-02 10:00:00,PRC-02,50,37,74.4,64,150,3,9,6.0,95,0,12.87
HIST-00393,2026-02-15 17:00:00,PRC-05,45,23,52.2,26,75,3,6,4.5,86,1,19.86
HIST-00394,2026-01-22 20:00:00,PRC-01,45,59,130.9,53,150,2,10,3.5,71,0,35.97
HIST-00395,2026-05-17 14:00:00,PRC-08,60,42,69.6,19,50,1,3,4.0,80,0,14.3
HIST-00396,2026-05-14 14:00:00,PRC-01,30,27,89.1,58,150,1,10,3.5,72,0,18.68
HIST-00397,2026-03-04 22:00:00,PRC-09,35,49,141.3,44,25,1,2,3.0,74,0,42.28
HIST-00398,2026-06-01 02:00:00,PRC-03,30,20,67.4,21,75,3,8,8.0,71,0,7.24
HIST-00399,2026-03-25 03:00:00,PRC-02,30,33,109.6,93,50,1,9,6.0,77,0,29.93
HIST-00400,2026-07-13 13:00:00,PRC-10,50,31,62.9,42,25,3,1,6.5,86,1,20.85
HIST-00401,2026-02-10 00:00:00,PRC-03,60,56,93.1,36,100,2,8,8.0,67,0,22.92
HIST-00402,2026-07-17 15:00:00,PRC-08,30,14,45.8,37,25,3,3,4.0,83,0,3.37
HIST-00403,2026-05-08 19:00:00,PRC-03,35,22,63.6,49,125,2,8,8.0,80,0,12.69
HIST-00404,2026-09-08 03:00:00,PRC-02,60,91,152.4,53,75,2,9,6.0,80,0,53.66
HIST-00405,2026-09-05 15:00:00,PRC-10,40,63,157.2,84,125,2,1,6.5,78,0,52.78
HIST-00406,2026-06-07 14:00:00,PRC-08,35,23,65.8,20,25,3,3,4.0,83,0,2.52
HIST-00407,2026-06-01 18:00:00,PRC-01,30,42,141.3,83,50,2,10,3.5,66,0,45.79
HIST-00408,2026-04-16 06:00:00,PRC-06,45,32,70.8,56,50,3,5,7.0,85,0,9.52
HIST-00409,2026-02-04 14:00:00,PRC-07,35,19,54.6,89,100,1,4,5.0,92,0,14.29
HIST-00410,2026-02-04 03:00:00,PRC-04,60,55,91.6,49,50,2,7,5.5,67,0,25.88
HIST-00411,2026-09-06 17:00:00,PRC-08,45,45,99.4,58,50,4,3,4.0,75,0,15.62
HIST-00412,2026-03-13 00:00:00,PRC-04,30,30,98.5,81,100,4,7,5.5,78,0,13.26
HIST-00413,2026-01-02 13:00:00,PRC-07,60,95,158.4,46,75,2,4,5.0,79,0,57.94
HIST-00414,2026-07-30 03:00:00,PRC-01,30,52,173.9,79,25,2,10,3.5,90,0,54.77
HIST-00415,2026-01-24 00:00:00,PRC-08,45,34,76.3,86,25,3,3,4.0,91,0,14.7
HIST-00416,2026-02-05 22:00:00,PRC-08,60,51,84.6,73,125,3,3,4.0,66,0,27.78
HIST-00417,2026-01-09 09:00:00,PRC-07,35,52,147.7,62,150,2,4,5.0,65,0,48.1
HIST-00418,2026-08-14 10:00:00,PRC-07,70,56,80.1,93,125,3,4,5.0,78,0,23.88
HIST-00419,2026-06-30 02:00:00,PRC-01,50,84,167.9,61,25,1,10,3.5,88,0,57.62
HIST-00420,2026-07-12 18:00:00,PRC-09,60,87,145.6,32,75,2,2,3.0,72,0,51.64
HIST-00421,2026-04-26 15:00:00,PRC-04,70,99,141.9,43,75,2,7,5.5,82,0,50.97
HIST-00422,2026-04-05 21:00:00,PRC-09,50,76,152.8,75,150,3,2,3.0,99,0,48.64
HIST-00423,2026-06-28 04:00:00,PRC-02,35,56,160.9,73,25,1,9,6.0,76,0,54.29
HIST-00424,2026-02-03 15:00:00,PRC-08,35,56,158.7,81,150,1,3,4.0,91,0,50.97
HIST-00425,2026-04-16 18:00:00,PRC-06,45,46,102.7,17,75,2,5,7.0,66,0,22.95
HIST-00426,2026-03-19 18:00:00,PRC-06,60,77,129.0,56,100,3,5,7.0,98,0,35.22
HIST-00427,2026-02-12 19:00:00,PRC-03,70,59,84.8,48,50,2,8,8.0,83,0,19.58
HIST-00428,2026-03-23 18:00:00,PRC-03,60,69,114.6,38,50,3,8,8.0,74,0,31.05
HIST-00429,2026-09-07 05:00:00,PRC-03,45,36,78.9,38,50,3,8,8.0,67,0,17.71
HIST-00430,2026-02-09 00:00:00,PRC-09,40,24,60.8,18,100,4,2,3.0,74,0,7.7
HIST-00431,2026-01-29 23:00:00,PRC-09,50,44,88.1,52,100,4,2,3.0,74,0,17.26
HIST-00432,2026-04-02 02:00:00,PRC-08,30,19,63.1,85,25,2,3,4.0,90,0,12.55
HIST-00433,2026-09-03 02:00:00,PRC-06,30,37,124.1,39,125,3,5,7.0,82,0,23.4
HIST-00434,2026-02-07 22:00:00,PRC-09,45,32,70.3,55,125,3,2,3.0,68,0,14.92
HIST-00435,2026-04-24 23:00:00,PRC-07,40,38,95.2,16,75,2,4,5.0,84,0,13.19
HIST-00436,2026-08-02 18:00:00,PRC-07,70,72,102.5,35,150,4,4,5.0,92,0,20.33
HIST-00437,2026-01-23 00:00:00,PRC-10,30,19,63.7,53,100,4,1,6.5,98,0,8.01
HIST-00438,2026-03-16 17:00:00,PRC-07,60,98,163.9,68,50,3,4,5.0,73,0,61.49
HIST-00439,2026-06-13 20:00:00,PRC-08,30,46,152.0,53,125,2,3,4.0,94,0,39.74
HIST-00440,2026-05-07 02:00:00,PRC-08,30,39,130.0,51,100,2,3,4.0,80,1,49.15
HIST-00441,2026-05-12 23:00:00,PRC-10,60,55,92.0,76,125,2,1,6.5,81,0,23.41
HIST-00442,2026-04-02 05:00:00,PRC-10,30,46,154.9,35,125,1,1,6.5,85,0,39.28
HIST-00443,2026-07-15 03:00:00,PRC-01,40,37,92.0,60,25,2,10,3.5,98,0,16.24
HIST-00444,2026-04-03 03:00:00,PRC-10,70,47,66.7,56,75,3,1,6.5,84,0,18.21
HIST-00445,2026-01-27 06:00:00,PRC-09,50,45,90.7,33,25,1,2,3.0,83,0,15.13
HIST-00446,2026-06-29 03:00:00,PRC-03,50,37,73.7,39,125,3,8,8.0,98,0,13.98
HIST-00447,2026-06-02 16:00:00,PRC-07,45,74,164.1,29,50,4,4,5.0,95,0,45.77
HIST-00448,2026-06-26 07:00:00,PRC-06,35,48,137.3,18,150,3,5,7.0,79,0,30.46
HIST-00449,2026-01-28 01:00:00,PRC-05,35,25,72.3,25,100,3,6,4.5,72,1,29.02
HIST-00450,2026-07-20 03:00:00,PRC-09,50,26,52.7,30,75,1,2,3.0,84,0,10.7
HIST-00451,2026-03-31 11:00:00,PRC-10,35,42,121.4,40,50,3,1,6.5,66,1,51.74
HIST-00452,2026-01-04 16:00:00,PRC-03,70,77,110.1,93,50,3,8,8.0,69,1,52.69
HIST-00453,2026-08-06 22:00:00,PRC-04,60,42,69.9,51,50,4,7,5.5,99,1,33.03
HIST-00454,2026-04-08 13:00:00,PRC-08,40,54,135.8,38,100,3,3,4.0,71,0,33.36
HIST-00455,2026-07-04 01:00:00,PRC-04,50,37,74.6,29,75,1,7,5.5,72,0,17.43
HIST-00456,2026-02-27 17:00:00,PRC-02,40,44,109.2,64,75,2,9,6.0,84,0,23.15
HIST-00457,2026-06-22 03:00:00,PRC-07,40,69,173.0,69,50,4,4,5.0,95,0,54.35
HIST-00458,2026-07-09 05:00:00,PRC-07,45,51,112.9,25,25,1,4,5.0,90,0,22.91
HIST-00459,2026-07-02 18:00:00,PRC-02,40,69,171.8,58,50,3,9,6.0,90,0,51.81
HIST-00460,2026-02-07 14:00:00,PRC-10,40,57,143.3,66,75,2,1,6.5,90,0,38.43
HIST-00461,2026-01-07 05:00:00,PRC-02,30,23,77.6,78,50,3,9,6.0,73,1,34.95
HIST-00462,2026-05-14 15:00:00,PRC-07,50,67,133.3,34,75,3,4,5.0,71,0,35.48
HIST-00463,2026-01-09 13:00:00,PRC-08,35,29,83.2,78,100,3,3,4.0,99,0,8.82
HIST-00464,2026-07-19 09:00:00,PRC-02,45,47,103.5,63,100,2,9,6.0,67,0,25.01
HIST-00465,2026-05-01 15:00:00,PRC-03,45,45,101.0,54,150,2,8,8.0,72,0,19.74
HIST-00466,2026-09-08 09:00:00,PRC-09,70,46,65.3,22,100,2,2,3.0,89,0,12.58
HIST-00467,2026-04-08 03:00:00,PRC-06,30,15,48.7,20,50,3,5,7.0,87,0,2.44
HIST-00468,2026-06-01 02:00:00,PRC-07,40,70,174.0,67,75,1,4,5.0,80,0,57.96
HIST-00469,2026-04-18 08:00:00,PRC-02,70,59,84.6,58,50,1,9,6.0,85,1,38.78
HIST-00470,2026-05-06 03:00:00,PRC-01,60,64,106.1,17,75,2,10,3.5,89,0,21.34
HIST-00471,2026-01-20 17:00:00,PRC-04,40,44,109.6,58,50,3,7,5.5,88,0,15.7
HIST-00472,2026-07-03 18:00:00,PRC-04,40,32,79.5,53,125,2,7,5.5,79,0,11.56
HIST-00473,2026-05-10 09:00:00,PRC-02,50,44,88.8,23,125,3,9,6.0,95,0,13.65
HIST-00474,2026-02-16 00:00:00,PRC-07,60,69,115.2,40,100,2,4,5.0,97,0,29.86
HIST-00475,2026-08-21 13:00:00,PRC-09,70,49,69.3,78,50,3,2,3.0,94,0,19.96
HIST-00476,2026-07-15 09:00:00,PRC-10,60,76,126.5,81,50,2,1,6.5,74,0,40.5
HIST-00477,2026-03-02 12:00:00,PRC-07,45,39,86.4,23,150,2,4,5.0,91,0,12.94
HIST-00478,2026-04-22 13:00:00,PRC-04,30,19,64.5,18,50,3,7,5.5,84,0,5.75
HIST-00479,2026-05-05 00:00:00,PRC-01,35,23,65.7,32,25,2,10,3.5,82,0,11.91
HIST-00480,2026-04-04 21:00:00,PRC-01,70,113,161.5,55,125,2,10,3.5,69,0,63.76
HIST-00481,2026-08-27 16:00:00,PRC-02,45,75,167.6,32,50,1,9,6.0,97,0,55.33
HIST-00482,2026-04-10 23:00:00,PRC-05,45,72,160.0,45,125,1,6,4.5,85,0,46.89
HIST-00483,2026-04-06 22:00:00,PRC-04,45,33,73.3,28,50,2,7,5.5,82,0,9.68
HIST-00484,2026-04-03 15:00:00,PRC-02,40,46,115.9,75,150,2,9,6.0,82,0,26.29
HIST-00485,2026-03-21 20:00:00,PRC-06,70,60,85.1,92,25,3,5,7.0,68,0,29.54
HIST-00486,2026-08-26 08:00:00,PRC-06,70,94,134.1,83,50,4,5,7.0,89,1,67.73
HIST-00487,2026-04-15 01:00:00,PRC-05,30,50,166.7,45,75,2,6,4.5,75,0,50.95
HIST-00488,2026-07-29 03:00:00,PRC-05,70,39,55.4,77,100,3,6,4.5,86,0,13.65
HIST-00489,2026-06-11 14:00:00,PRC-03,60,47,78.9,23,75,2,8,8.0,85,0,16.16
HIST-00490,2026-07-02 20:00:00,PRC-03,30,29,97.1,95,75,2,8,8.0,70,1,34.89
HIST-00491,2026-02-20 02:00:00,PRC-03,70,86,122.2,67,75,2,8,8.0,73,0,44.94
HIST-00492,2026-06-10 07:00:00,PRC-07,40,27,68.6,63,125,2,4,5.0,66,0,16.71
HIST-00493,2026-05-26 03:00:00,PRC-02,45,32,70.8,36,25,2,9,6.0,92,0,12.14
HIST-00494,2026-08-09 08:00:00,PRC-01,60,68,113.4,73,150,2,10,3.5,79,0,33.04
HIST-00495,2026-04-15 04:00:00,PRC-05,60,66,109.2,31,100,4,6,4.5,78,0,21.09
HIST-00496,2026-04-28 02:00:00,PRC-01,40,69,171.9,45,125,2,10,3.5,80,0,52.79
HIST-00497,2026-01-25 17:00:00,PRC-01,45,28,62.3,56,150,2,10,3.5,78,0,14.69
HIST-00498,2026-04-08 09:00:00,PRC-01,30,26,88.3,45,100,4,10,3.5,67,1,26.06
HIST-00499,2026-01-23 10:00:00,PRC-07,60,56,93.2,86,25,3,4,5.0,81,0,21.93
HIST-00500,2026-03-13 23:00:00,PRC-09,45,29,63.4,29,75,1,2,3.0,73,0,17.51
HIST-00501,2026-05-06 04:00:00,PRC-06,45,37,81.8,48,125,3,5,7.0,81,0,14.62
HIST-00502,2026-03-08 05:00:00,PRC-09,70,116,165.0,71,25,2,2,3.0,68,0,74.58
HIST-00503,2026-03-31 02:00:00,PRC-08,45,27,60.1,78,25,2,3,4.0,96,0,14.53
HIST-00504,2026-02-24 18:00:00,PRC-04,70,57,81.9,36,150,3,7,5.5,82,0,15.93
HIST-00505,2026-06-24 21:00:00,PRC-01,50,72,144.7,38,100,4,10,3.5,80,0,38.96
HIST-00506,2026-05-03 14:00:00,PRC-02,45,42,93.6,28,75,2,9,6.0,70,0,17.9
HIST-00507,2026-05-26 04:00:00,PRC-05,50,65,130.5,57,25,3,6,4.5,93,0,33.01
HIST-00508,2026-01-24 12:00:00,PRC-04,70,36,51.3,51,75,3,7,5.5,69,0,12.9
HIST-00509,2026-06-17 04:00:00,PRC-05,35,27,76.2,66,25,1,6,4.5,78,0,17.27
HIST-00510,2026-04-02 21:00:00,PRC-02,40,44,108.8,70,150,3,9,6.0,84,0,23.3
HIST-00511,2026-07-27 11:00:00,PRC-02,70,65,92.8,40,100,2,9,6.0,89,0,18.12
HIST-00512,2026-06-15 21:00:00,PRC-10,35,35,101.4,69,25,1,1,6.5,86,0,20.07
HIST-00513,2026-06-25 09:00:00,PRC-03,45,51,113.5,82,25,2,8,8.0,92,1,45.2
HIST-00514,2026-04-16 03:00:00,PRC-04,50,50,100.6,87,25,3,7,5.5,67,0,31.52
HIST-00515,2026-07-21 05:00:00,PRC-08,60,83,138.6,47,75,2,3,4.0,70,0,48.02
HIST-00516,2026-07-26 08:00:00,PRC-07,30,17,55.8,53,75,3,4,5.0,94,0,4.72
HIST-00517,2026-01-30 00:00:00,PRC-06,70,105,150.3,42,50,1,5,7.0,81,0,56.78
HIST-00518,2026-06-07 11:00:00,PRC-03,60,64,107.0,66,150,4,8,8.0,96,0,22.14
HIST-00519,2026-05-04 20:00:00,PRC-07,70,59,84.3,31,50,1,4,5.0,72,0,24.95
HIST-00520,2026-04-19 00:00:00,PRC-03,60,46,76.4,95,125,2,8,8.0,84,0,22.82
HIST-00521,2026-01-14 10:00:00,PRC-02,35,57,162.3,71,100,2,9,6.0,93,0,45.36
HIST-00522,2026-05-12 18:00:00,PRC-01,30,38,127.0,70,100,3,10,3.5,83,1,38.83
HIST-00523,2026-06-15 13:00:00,PRC-10,60,98,162.7,77,50,3,1,6.5,98,1,73.34
HIST-00524,2026-05-01 11:00:00,PRC-08,30,33,109.3,59,100,3,3,4.0,66,0,22.01
HIST-00525,2026-08-02 21:00:00,PRC-08,35,39,111.0,90,150,2,3,4.0,94,0,23.04
HIST-00526,2026-02-21 05:00:00,PRC-06,70,74,106.4,35,125,2,5,7.0,70,0,26.23
HIST-00527,2026-06-23 05:00:00,PRC-10,45,26,58.1,68,100,2,1,6.5,78,0,14.81
HIST-00528,2026-01-31 17:00:00,PRC-03,70,110,156.7,79,25,3,8,8.0,86,0,60.78
HIST-00529,2026-01-27 22:00:00,PRC-04,45,35,78.5,58,75,3,7,5.5,82,0,15.13
HIST-00530,2026-01-27 05:00:00,PRC-01,45,67,148.9,29,25,3,10,3.5,71,0,41.53
HIST-00531,2026-04-04 10:00:00,PRC-02,70,50,71.7,61,50,3,9,6.0,93,0,17.64
HIST-00532,2026-03-29 09:00:00,PRC-03,30,47,155.3,71,100,3,8,8.0,65,0,46.75
HIST-00533,2026-07-21 07:00:00,PRC-09,35,20,56.1,62,150,3,2,3.0,88,0,8.68
HIST-00534,2026-01-08 14:00:00,PRC-03,70,70,100.7,67,100,4,8,8.0,98,0,19.12
HIST-00535,2026-01-10 21:00:00,PRC-03,70,32,46.3,81,25,1,8,8.0,85,0,17.03
HIST-00536,2026-08-15 21:00:00,PRC-03,50,26,52.5,95,150,3,8,8.0,98,0,15.0
HIST-00537,2026-06-14 06:00:00,PRC-09,70,59,84.6,55,75,1,2,3.0,82,0,25.28
HIST-00538,2026-01-22 01:00:00,PRC-09,50,74,147.5,71,150,2,2,3.0,90,0,48.45
HIST-00539,2026-06-12 05:00:00,PRC-09,40,38,95.7,31,125,4,2,3.0,83,0,7.83
HIST-00540,2026-01-29 23:00:00,PRC-01,30,48,160.7,84,125,2,10,3.5,84,0,48.68
HIST-00541,2026-01-02 14:00:00,PRC-01,70,65,93.5,95,125,2,10,3.5,68,0,31.12
HIST-00542,2026-03-18 09:00:00,PRC-06,35,52,149.7,89,125,3,5,7.0,99,0,42.46
HIST-00543,2026-01-26 04:00:00,PRC-10,60,38,63.2,63,125,3,1,6.5,71,0,19.45
HIST-00544,2026-04-05 21:00:00,PRC-07,70,69,98.6,26,25,2,4,5.0,73,0,22.91
HIST-00545,2026-07-07 13:00:00,PRC-09,45,55,121.5,81,100,4,2,3.0,96,0,25.91
HIST-00546,2026-02-24 14:00:00,PRC-03,35,39,110.8,77,150,2,8,8.0,97,0,18.44
HIST-00547,2026-01-11 16:00:00,PRC-08,30,43,142.0,86,75,4,3,4.0,72,0,39.65
HIST-00548,2026-05-31 13:00:00,PRC-03,30,28,93.3,62,75,2,8,8.0,66,0,21.34
HIST-00549,2026-05-04 18:00:00,PRC-01,40,64,160.6,42,50,3,10,3.5,96,1,60.17
HIST-00550,2026-04-28 14:00:00,PRC-05,50,52,103.8,58,100,2,6,4.5,73,0,25.34
HIST-00551,2026-06-21 14:00:00,PRC-08,35,55,157.6,56,25,3,3,4.0,91,0,41.62
HIST-00552,2026-05-24 02:00:00,PRC-05,60,34,56.5,36,150,1,6,4.5,84,0,14.66
HIST-00553,2026-09-04 00:00:00,PRC-04,50,58,115.4,21,125,3,7,5.5,95,0,19.62
HIST-00554,2026-01-12 15:00:00,PRC-05,70,50,71.8,89,100,1,6,4.5,99,0,22.82
HIST-00555,2026-03-15 04:00:00,PRC-01,40,41,101.8,68,25,4,10,3.5,85,0,16.03
HIST-00556,2026-02-16 00:00:00,PRC-03,40,58,144.9,34,75,4,8,8.0,75,1,57.25
HIST-00557,2026-03-03 19:00:00,PRC-01,40,38,95.7,55,50,2,10,3.5,85,0,15.51
HIST-00558,2026-04-15 02:00:00,PRC-10,35,38,109.1,79,100,4,1,6.5,82,1,32.55
HIST-00559,2026-04-15 14:00:00,PRC-08,30,29,98.0,44,25,2,3,4.0,71,0,16.44
HIST-00560,2026-04-19 17:00:00,PRC-02,70,89,127.7,41,50,2,9,6.0,75,0,41.28
HIST-00561,2026-08-03 21:00:00,PRC-08,30,14,45.1,74,125,2,3,4.0,75,1,32.75
HIST-00562,2026-05-25 02:00:00,PRC-07,40,62,154.5,42,125,3,4,5.0,83,1,60.21
HIST-00563,2026-08-15 21:00:00,PRC-05,30,29,96.4,30,50,3,6,4.5,82,0,5.13
HIST-00564,2026-06-03 10:00:00,PRC-06,60,47,79.0,72,75,2,5,7.0,85,0,19.5
HIST-00565,2026-07-15 12:00:00,PRC-01,60,37,62.4,15,125,2,10,3.5,65,0,19.18
HIST-00566,2026-07-28 12:00:00,PRC-09,30,44,147.3,24,125,1,2,3.0,93,0,33.35
HIST-00567,2026-08-24 22:00:00,PRC-10,40,38,95.3,16,25,2,1,6.5,77,0,14.61
HIST-00568,2026-04-03 01:00:00,PRC-06,35,20,56.7,93,150,2,5,7.0,79,0,16.84
HIST-00569,2026-02-19 21:00:00,PRC-05,45,73,162.6,92,50,1,6,4.5,90,1,68.55
HIST-00570,2026-08-27 18:00:00,PRC-10,60,80,133.7,87,50,1,1,6.5,73,0,51.19
HIST-00571,2026-05-24 14:00:00,PRC-04,50,70,139.8,50,50,3,7,5.5,66,0,43.22
HIST-00572,2026-04-30 15:00:00,PRC-01,45,58,128.3,21,75,2,10,3.5,91,0,28.16
HIST-00573,2026-08-14 18:00:00,PRC-06,50,72,143.7,43,25,2,5,7.0,91,0,40.21
HIST-00574,2026-06-10 20:00:00,PRC-01,60,45,74.3,69,25,4,10,3.5,77,0,18.1
HIST-00575,2026-08-02 01:00:00,PRC-02,30,32,107.4,18,125,3,9,6.0,86,0,5.34
HIST-00576,2026-01-22 01:00:00,PRC-06,50,74,148.2,24,125,3,5,7.0,71,0,45.1
HIST-00577,2026-01-15 17:00:00,PRC-01,45,39,85.7,23,50,1,10,3.5,93,1,29.47
HIST-00578,2026-06-18 19:00:00,PRC-01,40,62,155.5,66,25,3,10,3.5,91,0,44.54
HIST-00579,2026-05-31 06:00:00,PRC-01,45,43,94.9,69,125,3,10,3.5,86,0,18.06
HIST-00580,2026-05-11 08:00:00,PRC-02,30,14,46.6,23,125,3,9,6.0,77,0,5.43
HIST-00581,2026-09-03 20:00:00,PRC-06,45,48,107.6,94,100,2,5,7.0,73,0,29.18
HIST-00582,2026-09-06 00:00:00,PRC-06,40,48,120.9,84,50,1,5,7.0,84,0,34.43
HIST-00583,2026-07-21 02:00:00,PRC-09,50,65,130.5,33,25,2,2,3.0,68,0,39.93
HIST-00584,2026-02-11 03:00:00,PRC-06,35,46,131.8,74,125,3,5,7.0,86,0,34.46
HIST-00585,2026-07-16 10:00:00,PRC-08,70,114,163.4,78,50,4,3,4.0,79,0,63.88
HIST-00586,2026-03-16 14:00:00,PRC-07,35,34,97.0,15,75,1,4,5.0,87,1,22.94
HIST-00587,2026-03-28 17:00:00,PRC-04,60,73,121.1,61,25,4,7,5.5,77,0,34.98
HIST-00588,2026-06-17 03:00:00,PRC-04,35,25,70.5,37,75,4,7,5.5,66,0,9.6
HIST-00589,2026-08-13 22:00:00,PRC-06,35,30,84.7,45,75,3,5,7.0,75,0,16.62
HIST-00590,2026-04-20 20:00:00,PRC-02,30,19,63.8,31,50,2,9,6.0,89,0,6.79
HIST-00591,2026-08-12 04:00:00,PRC-04,30,43,144.2,90,50,4,7,5.5,83,0,38.53
HIST-00592,2026-02-12 16:00:00,PRC-09,50,80,160.2,41,150,1,2,3.0,95,0,53.66
HIST-00593,2026-09-02 15:00:00,PRC-07,70,112,159.7,80,75,2,4,5.0,94,0,61.79
HIST-00594,2026-03-02 12:00:00,PRC-08,40,48,120.6,89,150,1,3,4.0,79,0,34.54
HIST-00595,2026-05-13 11:00:00,PRC-04,40,40,100.3,63,125,2,7,5.5,88,0,16.7
HIST-00596,2026-07-25 15:00:00,PRC-04,50,25,50.3,80,125,2,7,5.5,93,0,12.89
HIST-00597,2026-06-14 02:00:00,PRC-06,40,38,94.7,37,100,2,5,7.0,69,0,19.67
HIST-00598,2026-03-06 09:00:00,PRC-05,35,20,57.8,24,75,1,6,4.5,77,0,9.48
HIST-00599,2026-04-14 12:00:00,PRC-05,35,48,136.7,32,150,3,6,4.5,81,1,43.27
HIST-00600,2026-07-05 23:00:00,PRC-10,70,91,130.2,75,150,3,1,6.5,74,0,43.79
HIST-00601,2026-08-30 22:00:00,PRC-04,45,34,75.4,90,125,3,7,5.5,94,0,17.0
HIST-00602,2026-05-08 21:00:00,PRC-07,35,36,102.0,86,25,2,4,5.0,73,0,21.67
HIST-00603,2026-02-05 04:00:00,PRC-06,40,30,74.3,69,150,3,5,7.0,99,0,11.86
HIST-00604,2026-04-11 02:00:00,PRC-06,50,63,126.9,92,125,3,5,7.0,90,0,35.39
HIST-00605,2026-02-15 01:00:00,PRC-09,45,31,69.5,28,75,3,2,3.0,93,0,8.92
HIST-00606,2026-06-18 16:00:00,PRC-10,45,22,48.5,40,25,4,1,6.5,89,0,6.74
HIST-00607,2026-07-10 02:00:00,PRC-02,45,24,52.5,81,25,2,9,6.0,91,0,15.53
HIST-00608,2026-03-21 18:00:00,PRC-07,70,50,71.8,41,75,2,4,5.0,95,0,18.08
HIST-00609,2026-03-26 18:00:00,PRC-04,50,69,138.2,73,75,2,7,5.5,74,0,44.7
HIST-00610,2026-07-22 09:00:00,PRC-08,45,47,105.2,20,150,1,3,4.0,94,0,16.91
HIST-00611,2026-04-11 22:00:00,PRC-07,50,76,152.0,37,100,2,4,5.0,92,0,46.31
HIST-00612,2026-06-28 23:00:00,PRC-01,35,56,160.1,35,75,4,10,3.5,99,0,40.65
HIST-00613,2026-02-12 08:00:00,PRC-04,45,44,98.5,85,25,4,7,5.5,69,0,21.86
HIST-00614,2026-08-08 06:00:00,PRC-04,50,25,50.8,18,25,3,7,5.5,94,0,2.94
HIST-00615,2026-06-18 07:00:00,PRC-07,30,14,46.4,29,150,4,4,5.0,85,0,0.07
HIST-00616,2026-02-01 17:00:00,PRC-08,35,37,106.2,50,50,2,3,4.0,66,0,23.59
HIST-00617,2026-02-25 14:00:00,PRC-07,35,19,55.1,16,150,2,4,5.0,93,0,7.68
HIST-00618,2026-01-14 19:00:00,PRC-01,70,89,127.5,81,150,3,10,3.5,71,0,47.27
HIST-00619,2026-07-30 06:00:00,PRC-01,30,44,145.4,40,50,2,10,3.5,80,0,36.04
HIST-00620,2026-07-28 10:00:00,PRC-02,35,59,169.6,27,150,2,9,6.0,75,1,65.52
HIST-00621,2026-02-14 00:00:00,PRC-06,50,63,126.5,94,50,4,5,7.0,90,0,33.83
HIST-00622,2026-06-09 11:00:00,PRC-07,60,52,86.1,64,50,2,4,5.0,69,0,27.29
HIST-00623,2026-08-06 18:00:00,PRC-01,30,48,160.1,67,75,3,10,3.5,96,0,36.97
HIST-00624,2026-06-27 04:00:00,PRC-03,40,68,169.7,91,75,4,8,8.0,89,0,51.4
HIST-00625,2026-07-09 07:00:00,PRC-06,35,45,127.6,55,150,2,5,7.0,86,1,47.32
HIST-00626,2026-07-13 07:00:00,PRC-09,50,68,136.6,16,50,1,2,3.0,72,0,41.56
HIST-00627,2026-08-31 14:00:00,PRC-10,30,16,52.8,62,100,2,1,6.5,74,0,13.79
HIST-00628,2026-01-07 07:00:00,PRC-06,35,28,81.2,20,125,3,5,7.0,91,0,8.73
HIST-00629,2026-05-14 10:00:00,PRC-06,40,31,76.5,84,25,4,5,7.0,80,0,14.54
HIST-00630,2026-08-29 06:00:00,PRC-03,45,57,126.9,23,100,1,8,8.0,77,1,58.31
HIST-00631,2026-04-19 05:00:00,PRC-03,30,20,67.6,85,50,2,8,8.0,70,0,19.46
HIST-00632,2026-01-21 11:00:00,PRC-10,35,30,84.4,88,100,4,1,6.5,77,0,16.18
HIST-00633,2026-04-08 13:00:00,PRC-07,45,30,66.8,71,100,3,4,5.0,92,0,12.62
HIST-00634,2026-04-27 09:00:00,PRC-02,70,114,162.8,53,125,3,9,6.0,76,0,63.06
HIST-00635,2026-07-06 23:00:00,PRC-07,50,62,123.8,24,75,1,4,5.0,95,0,33.81
HIST-00636,2026-05-31 02:00:00,PRC-06,45,44,97.6,68,100,4,5,7.0,88,0,13.97
HIST-00637,2026-07-04 11:00:00,PRC-07,30,52,174.0,30,100,4,4,5.0,75,0,46.01
HIST-00638,2026-03-04 15:00:00,PRC-09,60,65,108.5,62,150,1,2,3.0,89,0,33.19
HIST-00639,2026-06-04 18:00:00,PRC-01,70,64,92.0,18,150,3,10,3.5,74,0,18.95
HIST-00640,2026-08-19 02:00:00,PRC-03,30,18,60.2,26,150,3,8,8.0,89,0,2.51
HIST-00641,2026-07-07 13:00:00,PRC-09,35,56,158.9,36,100,2,2,3.0,84,0,44.7
HIST-00642,2026-03-20 00:00:00,PRC-02,30,38,127.7,59,50,2,9,6.0,78,0,28.04
HIST-00643,2026-04-06 05:00:00,PRC-03,70,76,108.9,27,25,3,8,8.0,91,0,23.74
HIST-00644,2026-02-16 06:00:00,PRC-03,35,38,108.2,79,25,2,8,8.0,78,0,22.72
HIST-00645,2026-01-08 18:00:00,PRC-05,70,69,98.1,95,125,1,6,4.5,75,1,43.88
HIST-00646,2026-01-11 03:00:00,PRC-04,45,49,108.1,27,25,1,7,5.5,65,0,27.82
HIST-00647,2026-04-05 21:00:00,PRC-04,50,74,147.9,63,125,3,7,5.5,82,0,44.06
HIST-00648,2026-07-26 03:00:00,PRC-06,40,60,151.2,61,150,2,5,7.0,68,0,51.0
HIST-00649,2026-07-12 07:00:00,PRC-01,45,71,158.2,66,150,3,10,3.5,73,1,57.42
HIST-00650,2026-08-30 10:00:00,PRC-06,45,56,125.4,75,125,2,5,7.0,77,1,52.04
